Id_Candidature,Date_Candidature,CV,LM,Id_Compte,Id_Offre
1,2026-02-25,cv.pdf,lm.pdf,32,77
2,2026-03-15,cv.pdf,lm.pdf,23,26
3,2026-02-23,cv.pdf,lm.pdf,31,21
4,2026-03-05,cv.pdf,lm.pdf,20,9
5,2026-02-07,cv.pdf,lm.pdf,8,62
6,2026-02-13,cv.pdf,lm.pdf,24,42
7,2026-03-10,cv.pdf,lm.pdf,20,14
8,2026-03-16,cv.pdf,lm.pdf,15,80
9,2026-03-15,cv.pdf,lm.pdf,13,13
10,2026-02-22,cv.pdf,lm.pdf,22,58
11,2026-03-09,cv.pdf,lm.pdf,14,18
12,2026-02-22,cv.pdf,lm.pdf,21,80
13,2026-01-22,cv.pdf,lm.pdf,28,31
14,2026-02-01,cv.pdf,lm.pdf,24,16
15,2026-01-30,cv.pdf,lm.pdf,33,38
16,2026-03-02,cv.pdf,lm.pdf,15,73
17,2026-03-03,cv.pdf,lm.pdf,18,33
18,2026-02-01,cv.pdf,lm.pdf,15,26
19,2026-02-20,cv.pdf,lm.pdf,14,24
20,2026-03-05,cv.pdf,lm.pdf,14,20
21,2026-03-02,cv.pdf,lm.pdf,35,75
22,2026-03-08,cv.pdf,lm.pdf,17,9
23,2026-02-23,cv.pdf,lm.pdf,15,32
24,2026-02-16,cv.pdf,lm.pdf,23,30
25,2026-02-07,cv.pdf,lm.pdf,32,13
26,2026-02-07,cv.pdf,lm.pdf,21,5
27,2026-03-14,cv.pdf,lm.pdf,7,61
28,2026-01-23,cv.pdf,lm.pdf,33,30
29,2026-01-26,cv.pdf,lm.pdf,21,48
30,2026-03-18,cv.pdf,lm.pdf,35,38
31,2026-03-06,cv.pdf,lm.pdf,10,7
32,2026-03-08,cv.pdf,lm.pdf,26,75
33,2026-03-08,cv.pdf,lm.pdf,36,10
34,2026-02-25,cv.pdf,lm.pdf,23,23
35,2026-02-20,cv.pdf,lm.pdf,26,34
36,2026-01-30,cv.pdf,lm.pdf,31,1
37,2026-03-14,cv.pdf,lm.pdf,27,77
38,2026-02-03,cv.pdf,lm.pdf,26,45
39,2026-03-07,cv.pdf,lm.pdf,8,48
40,2026-02-27,cv.pdf,lm.pdf,11,6
41,2026-03-07,cv.pdf,lm.pdf,15,5
42,2026-02-10,cv.pdf,lm.pdf,30,27
43,2026-01-27,cv.pdf,lm.pdf,7,42
44,2026-02-22,cv.pdf,lm.pdf,28,48
45,2026-03-09,cv.pdf,lm.pdf,26,40
46,2026-03-16,cv.pdf,lm.pdf,13,5
47,2026-01-29,cv.pdf,lm.pdf,22,71
48,2026-02-18,cv.pdf,lm.pdf,9,53
49,2026-03-14,cv.pdf,lm.pdf,32,51
50,2026-02-06,cv.pdf,lm.pdf,24,20
51,2026-02-08,cv.pdf,lm.pdf,24,12
52,2026-02-07,cv.pdf,lm.pdf,12,51
53,2026-02-04,cv.pdf,lm.pdf,15,53
54,2026-03-02,cv.pdf,lm.pdf,28,40
55,2026-02-22,cv.pdf,lm.pdf,8,40
56,2026-02-01,cv.pdf,lm.pdf,25,46
57,2026-02-22,cv.pdf,lm.pdf,20,3
58,2026-01-24,cv.pdf,lm.pdf,31,47
59,2026-02-07,cv.pdf,lm.pdf,13,51
60,2026-02-02,cv.pdf,lm.pdf,19,27
61,2026-01-19,cv.pdf,lm.pdf,7,56
62,2026-01-22,cv.pdf,lm.pdf,12,55
63,2026-03-13,cv.pdf,lm.pdf,33,12
64,2026-02-23,cv.pdf,lm.pdf,25,47
65,2026-02-19,cv.pdf,lm.pdf,31,21
66,2026-03-12,cv.pdf,lm.pdf,7,7
67,2026-02-13,cv.pdf,lm.pdf,11,51
68,2026-03-15,cv.pdf,lm.pdf,25,80
69,2026-01-20,cv.pdf,lm.pdf,18,65
70,2026-03-10,cv.pdf,lm.pdf,11,45
71,2026-03-02,cv.pdf,lm.pdf,12,67
72,2026-03-10,cv.pdf,lm.pdf,36,9
73,2026-03-14,cv.pdf,lm.pdf,19,63
74,2026-01-31,cv.pdf,lm.pdf,32,26
75,2026-03-01,cv.pdf,lm.pdf,11,6
76,2026-01-21,cv.pdf,lm.pdf,22,41
77,2026-03-17,cv.pdf,lm.pdf,26,50
78,2026-03-15,cv.pdf,lm.pdf,35,80
79,2026-02-04,cv.pdf,lm.pdf,33,21
80,2026-02-08,cv.pdf,lm.pdf,32,29
81,2026-02-09,cv.pdf,lm.pdf,19,79
82,2026-01-25,cv.pdf,lm.pdf,13,61
83,2026-03-09,cv.pdf,lm.pdf,25,28
84,2026-03-18,cv.pdf,lm.pdf,19,67
85,2026-03-10,cv.pdf,lm.pdf,19,46
86,2026-03-13,cv.pdf,lm.pdf,11,32
87,2026-02-02,cv.pdf,lm.pdf,33,25
88,2026-03-18,cv.pdf,lm.pdf,35,72
89,2026-01-26,cv.pdf,lm.pdf,31,5
90,2026-02-06,cv.pdf,lm.pdf,33,42
91,2026-03-13,cv.pdf,lm.pdf,19,77
92,2026-02-19,cv.pdf,lm.pdf,24,40
93,2026-02-07,cv.pdf,lm.pdf,20,40
94,2026-02-11,cv.pdf,lm.pdf,14,55
95,2026-02-24,cv.pdf,lm.pdf,28,48
96,2026-02-20,cv.pdf,lm.pdf,23,57
97,2026-03-09,cv.pdf,lm.pdf,7,1
98,2026-02-09,cv.pdf,lm.pdf,22,60
99,2026-03-05,cv.pdf,lm.pdf,21,80
100,2026-01-30,cv.pdf,lm.pdf,33,59
101,2026-01-26,cv.pdf,lm.pdf,12,61
102,2026-02-23,cv.pdf,lm.pdf,10,9
103,2026-03-12,cv.pdf,lm.pdf,18,56
104,2026-02-25,cv.pdf,lm.pdf,9,57
105,2026-02-16,cv.pdf,lm.pdf,23,6
106,2026-03-18,cv.pdf,lm.pdf,27,17
107,2026-03-15,cv.pdf,lm.pdf,36,41
108,2026-01-30,cv.pdf,lm.pdf,30,66
109,2026-03-15,cv.pdf,lm.pdf,8,65
110,2026-01-22,cv.pdf,lm.pdf,19,18
111,2026-03-19,cv.pdf,lm.pdf,34,9
112,2026-02-09,cv.pdf,lm.pdf,30,15
113,2026-03-08,cv.pdf,lm.pdf,11,63
114,2026-03-02,cv.pdf,lm.pdf,32,22
115,2026-02-05,cv.pdf,lm.pdf,32,29
116,2026-03-16,cv.pdf,lm.pdf,33,45
117,2026-02-09,cv.pdf,lm.pdf,31,33
118,2026-03-10,cv.pdf,lm.pdf,17,79
119,2026-03-03,cv.pdf,lm.pdf,35,59
120,2026-03-11,cv.pdf,lm.pdf,15,65
